,version_name,augment_1,augment_2,augment_3,placement,top 4,level,last_round,time_eliminated,trait_1,trait_2,trait_3,trait_4,trait_5,trait_6,trait_7,trait_8,trait_9,trait_10,unit_1,unit_2,unit_3,unit_4,unit_5,unit_6,unit_7,unit_8,unit_9,unit_10,unit_11
0,13.5,Illuminating Singularity,Ancient Archives I,Second Wind II,2,True,9,38,2243,Spellslinger 2,Civilian 1,Defender 1,Forecaster 1,Heart 1,Ox Force 1,Star Guardian 3,,,,Lux 3,Annie 2,Rell 2,Yuumi 1,Nilah 2,Ekko 2,Taliyah 2,Janna 1,Syndra 2,,
1,13.5,A.D.M.I.N. Crest,Ancient Archives II,Chronobreak,1,True,9,38,2244,A.D.M.I.N. 3,Aegis 1,Spellslinger 2,Civilian 1,Duelist 1,Forecaster 1,Star Guardian 2,,,,Lux 2,Blitzcrank 3,Camille 2,Nilah 2,Alistar 1,Leblanc 2,Ekko 2,Taliyah 2,Janna 2,,
2,13.5,Portable Forge,Impact Velocity,Thrill of the Hunt II,1,True,8,37,2150,Ace 1,Brawler 1,Defender 1,Mecha:PRIME 1,Threat 1,,,,,,WuKong 2,Jax 2,MissFortune 1,Ekko 2,AurelionSol 3,Sett 2,Sejuani 2,Sejuani 1,,,
3,13.5,Three's Company,Relentless Assault,Pandora's Items,3,True,8,35,2058,A.D.M.I.N. 1,Brawler 3,Hacker 1,,,,,,,,Blitzcrank 2,Vi 2,LeeSin 2,Riven 3,Jax 3,Leblanc 1,Zed 1,Sejuani 2,,,
4,13.4,Consistency,Pandora's Bench,Upgrade: Berserk,1,True,8,37,2151,A.D.M.I.N. 2,Aegis 1,Corrupted 1,Renegade 1,Threat 1,,,,,,Camille 2,Leblanc 2,Ekko 2,Ekko 2,Sejuani 2,Soraka 3,Leona 2,Fiddlesticks 1,,,
5,13.4,Cluttered Mind,Channeled Ferromancy,Axiom Arc II,8,False,8,28,1700,Ace 1,Spellslinger 3,Civilian 1,Forecaster 1,Star Guardian 1,,,,,,Lux 2,Annie 2,Rell 2,Sona 2,Leblanc 2,Ekko 1,Taliyah 2,Janna 2,,,
6,13.4,Cybernetic Shell I,Sureshot Heart,Armor Piercing Rounds,7,False,8,27,1659,Ace 1,Arsenal 1,Corrupted 1,Sureshot 2,Ox Force 1,Threat 1,,,,,Rammus 2,Senna 2,BelVeth 1,Ekko 1,Samira 1,Aphelios 1,Syndra 1,Fiddlesticks 1,,,
7,13.4,Windfall,Hextech Retribution,Ancient Archives I,2,True,9,38,2213,Ace 1,Aegis 3,Arsenal 1,Corrupted 1,Ox Force 3,Renegade 1,Threat 1,,,,Talon 2,Fiora 1,Annie 1,Camille 2,Alistar 2,Ekko 2,Viego 2,Aphelios 2,Leona 1,Fiddlesticks 2,
8,13.4,Recon Crest,Rising Spell Force,Axiom Arc II,8,False,7,26,1502,Anima Squad 1,Duelist 1,Prankster 1,Recon 3,Star Guardian 1,,,,,,Jinx 2,Ezreal 3,Vayne 1,Nilah 2,Riven 1,Kaisa 2,Ekko 1,,,,
9,13.4,March of Progress,Aim Assist,Makeshift Armor II,3,True,8,33,1967,A.D.M.I.N. 1,Spellslinger 2,Civilian 1,Forecaster 1,Heart 1,Threat 1,,,,,Blitzcrank 2,Annie 2,Sona 2,Leblanc 3,BelVeth 3,Ekko 2,Janna 2,Syndra 1,,,
10,13.4,Consistency,Thrill of the Hunt I,Upgrade: Berserk,1,True,9,40,2301,A.D.M.I.N. 1,Spellslinger 1,Civilian 1,Corrupted 1,Forecaster 1,Heart 1,Star Guardian 1,Threat 1,,,Nilah 2,Leblanc 2,Ekko 2,Soraka 2,Nunu 1,Janna 2,Urgot 2,Syndra 2,Fiddlesticks 2,,
11,13.4,Brawler Heart,Second Wind II,Pandora's Bench,6,False,7,28,1721,A.D.M.I.N. 2,Brawler 3,Heart 1,,,,,,,,Blitzcrank 2,Vi 2,LeeSin 2,Riven 3,Leblanc 3,Sejuani 2,Soraka 1,,,,
12,13.4,Growth Spurt,Defender Crest,Heart Crest,5,False,8,31,1895,Spellslinger 1,Civilian 1,Defender 1,Forecaster 1,Gadgeteen 1,Heart 2,Ox Force 1,,,,Poppy 3,Lulu 3,Annie 2,LeeSin 1,Sona 2,Alistar 2,Zoe 2,Janna 1,,,
13,13.4,New Recruit,Rising Spell Force,Heart Crest,8,False,6,21,1214,Brawler 1,Heart 2,Recon 2,Underground 1,,,,,,,Vi 2,LeeSin 2,Ezreal 2,Vayne 1,Sona 2,Kaisa 2,Sejuani 1,,,,
14,13.4,Justice Punch,Pandora's Bench,Ascension,1,True,9,35,2144,Civilian 1,Heart 2,Mascot 2,Supers 1,Threat 1,,,,,,Galio 3,Gangplank 2,LeeSin 2,Malphite 3,Yuumi 3,Sona 1,Soraka 2,Nunu 1,Urgot 1,,
15,13.4,Illuminating Singularity,Celestial Blessing III,Axiom Arc II,2,True,8,38,2230,Aegis 1,Spellslinger 2,Heart 1,Ox Force 1,Star Guardian 2,,,,,,Lux 3,Annie 2,Nilah 3,Sona 2,Alistar 2,Ekko 1,Taliyah 2,Syndra 1,,,
16,13.4,Second Wind I,Cosmic Barrier,LaserCorps Heart,6,False,8,30,1820,Ace 1,Brawler 1,Sureshot 1,Duelist 1,LaserCorps 3,Threat 1,,,,,Ashe 2,Renekton 2,Yasuo 2,Chogath 2,Senna 2,Zed 2,Samira 2,Sejuani 1,,,
17,13.4,Item Grab Bag I,Trade Sector+,Partners in Crime,1,True,9,34,2012,Aegis 2,Spellslinger 1,Civilian 1,Forecaster 1,Gadgeteen 1,Mascot 1,Ox Force 2,Prankster 1,Renegade 1,,Talon 3,Annie 2,Alistar 2,Zoe 1,Ekko 2,Viego 2,Nunu 2,Janna 2,Leona 1,,
18,13.4,Underground Soul,Rising Spell Force,Cybernetic Shell II,1,True,9,38,2275,Aegis 2,Brawler 1,Defender 1,Recon 3,Threat 1,Underground 1,,,,,Vi 2,Ezreal 3,Vayne 2,Riven 2,Kaisa 2,Ekko 1,Sett 2,Urgot 1,Leona 1,,
19,13.4,Pandora's Items,Trade Sector+,Shadow Jutsu,7,False,8,30,1701,Brawler 1,Duelist 2,Hacker 1,LaserCorps 2,,,,,,,Renekton 2,Fiora 1,Yasuo 3,Nilah 2,Zoe 2,Senna 2,Zed 2,Sejuani 2,,,
20,13.4,Celestial Blessing I,Axiom Arc II,Regenerative Shields,6,False,8,28,1723,Aegis 1,Arsenal 1,Spellslinger 1,Defender 1,Gadgeteen 1,Heart 1,Ox Force 1,,,,Poppy 2,Lulu 3,Annie 3,Sona 1,Alistar 1,Ekko 1,Sett 2,Aphelios 1,,,
21,13.4,Second Wind I,Trade Sector+,Stoneweaver,7,False,8,26,1494,Aegis 1,Spellslinger 2,Civilian 1,Forecaster 1,Star Guardian 2,,,,,,Lux 1,Annie 2,Rell 2,Ekko 1,Taliyah 2,Janna 1,Syndra 1,Leona 1,,,
22,13.4,OX-ian Rage,Second Wind I,Ox Force Crest,7,False,8,27,1586,A.D.M.I.N. 1,Corrupted 1,Duelist 1,Ox Force 3,Renegade 1,Threat 1,,,,,Talon 2,Fiora 1,Annie 2,Camille 2,Viego 1,Zed 1,Soraka 1,Fiddlesticks 1,,,
23,13.4,Heart Heart,Jeweled Lotus,Heartstopper,8,False,7,26,1510,A.D.M.I.N. 1,Aegis 1,Heart 1,Ox Force 2,Renegade 1,,,,,,Fiora 2,Annie 2,Camille 2,Alistar 2,Viego 2,Soraka 1,Leona 1,,,,
24,13.4,Second Wind II,Reverberation,Brawler Crest,3,True,8,37,2265,A.D.M.I.N. 1,Brawler 4,Defender 1,Heart 1,,,,,,,Blitzcrank 2,Vi 2,LeeSin 2,Riven 2,Jax 2,Sett 2,Sejuani 2,Soraka 2,,,
25,13.4,Ox Force Heart,Celestial Blessing I,Locked and Loaded,3,True,8,31,1834,Aegis 1,Arsenal 1,Civilian 1,Sureshot 1,Ox Force 3,Renegade 1,,,,,Talon 2,Sivir 1,Annie 2,Camille 2,Alistar 2,Ekko 1,Viego 2,Aphelios 1,,,
26,13.4,Windfall,Phony Frontline,Mirror Image,1,True,9,40,2384,Ace 1,Aegis 1,Arsenal 1,Spellslinger 1,Ox Force 1,Threat 1,,,,,Annie 1,Leblanc 2,MissFortune 2,Ekko 2,Nunu 2,Urgot 2,Aphelios 2,Syndra 2,Leona 2,,
27,13.4,Luden's Echo I,Jeweled Lotus,Shiny,7,False,7,28,1704,Duelist 1,Recon 2,Threat 1,,,,,,,,Ezreal 1,Vayne 2,Nilah 3,Chogath 2,Rammus 2,Kaisa 2,Urgot 1,,,,
28,13.4,Trade Sector,Thrill of the Hunt II,Partners in Crime,3,True,8,35,2106,Aegis 1,Arsenal 1,Duelist 2,Ox Force 3,Renegade 1,,,,,,Talon 3,Gangplank 3,Fiora 2,Alistar 2,Viego 2,Zed 2,Aphelios 1,Leona 1,,,
29,13.4,Jeweled Lotus,Luden's Echo II,Sleepy Time,2,True,9,38,2060,Ace 1,Aegis 1,Spellslinger 1,Gadgeteen 2,Heart 1,Mascot 1,Ox Force 1,Prankster 2,,,Poppy 2,Lulu 2,Annie 2,Sona 2,Alistar 1,Zoe 3,Ekko 2,Nunu 1,Mordekaiser 1,,
30,13.4,Second Wind I,Ace Crest,Bunny Mercenary,8,False,8,28,1687,Ace 2,Arsenal 1,Brawler 1,Sureshot 1,Defender 1,Mecha:PRIME 1,Ox Force 1,,,,Draven 2,Riven 1,Jax 2,Alistar 2,MissFortune 2,Samira 1,Sett 2,Aphelios 1,,,
31,13.4,Cybernetic Shell II,Windfall+,Spread Shot,5,False,7,31,1831,Brawler 1,Duelist 3,Ox Force 1,,,,,,,,Kayle 2,Fiora 2,Vayne 2,Nilah 3,Riven 2,Zed 2,Sejuani 1,,,,
32,13.4,Cluttered Mind,Luden's Echo II,Traumatic Memories,1,True,9,40,2449,Aegis 1,Arsenal 1,Corrupted 1,Mascot 1,Ox Force 3,Renegade 2,Threat 1,,,,Talon 2,Fiora 1,Camille 2,Alistar 1,Viego 2,Nunu 2,Aphelios 2,Leona 2,Fiddlesticks 2,,
33,13.4,Spellslinger Heart,Gadgeteen Crest,Contagious Laughter,1,True,9,38,2291,Aegis 1,Spellslinger 1,Corrupted 1,Defender 1,Gadgeteen 2,Mascot 1,Ox Force 2,Prankster 1,Threat 1,,Poppy 1,Talon 1,Annie 3,Alistar 2,Zoe 2,Ekko 2,Sett 2,Nunu 2,Fiddlesticks 1,,
34,13.4,Thrill of the Hunt II,Jeweled Lotus,Renegade Crest,8,False,8,27,1605,Aegis 1,Spellslinger 1,Ox Force 2,Renegade 1,Threat 1,,,,,,Talon 2,Annie 2,Riven 2,Alistar 1,Leblanc 1,Ekko 1,Viego 2,Urgot 1,,,
35,13.4,Tri Force II,Portable Forge,Impact Velocity,5,False,7,31,1824,Threat 1,,,,,,,,,,Velkoz 2,Nilah 3,Chogath 2,Chogath 2,AurelionSol 2,AurelionSol 1,Sejuani 1,,,,
36,13.4,Prankster Crown,Defender Crest,Chronobreak,2,True,9,41,2426,Aegis 1,Spellslinger 1,Civilian 1,Corrupted 1,Defender 1,Forecaster 1,Gadgeteen 2,Prankster 2,Threat 1,,Poppy 2,Lulu 2,Annie 2,Zoe 2,Ekko 2,Nunu 2,Janna 2,Urgot 2,Fiddlesticks 2,,
37,13.3,Divine Ascent,Knife's Edge II,Duelist Crest,3,True,8,33,2016,Duelist 4,Threat 1,,,,,,,,,Kayle 3,Gangplank 2,Fiora 2,Yasuo 3,Vayne 2,Nilah 2,Zed 1,Urgot 1,,,
38,13.3,Ox Force Heart,Makeshift Armor I,Heartstopper,6,False,8,28,1635,A.D.M.I.N. 1,Arsenal 1,Ox Force 3,Threat 1,,,,,,,Fiora 2,Annie 2,Camille 2,Alistar 1,Viego 2,Zac 1,Urgot 1,Aphelios 1,,,
39,13.3,Hold the Line,Star Guardian Crest,Axiom Arc II,2,True,8,40,2391,Spellslinger 1,Defender 1,Hacker 1,Heart 1,Star Guardian 2,,,,,,Rell 3,Yuumi 2,Nilah 3,Sona 2,Zoe 1,Leblanc 1,Taliyah 2,Sett 2,,,
40,13.3,Recon Heart,Armored-dillo,Recon Crest,5,False,7,33,2038,Duelist 1,Recon 3,Star Guardian 1,Threat 1,,,,,,,Vayne 2,Nilah 2,Rammus 3,Kaisa 2,BelVeth 2,Ekko 1,Sejuani 2,,,,
41,13.3,A.D.M.I.N. Crest,Urf's Grab Bag II,Mirror Image,5,False,8,31,1767,A.D.M.I.N. 3,Brawler 1,Hacker 1,Threat 1,,,,,,,Blitzcrank 2,Camille 2,Leblanc 2,BelVeth 2,BelVeth 2,Zed 2,Sejuani 1,Soraka 2,,,
42,13.3,Item Grab Bag II,Armored-dillo,Sunfire Board,4,True,9,33,1998,Aegis 1,Arsenal 1,Ox Force 2,Renegade 2,Threat 1,,,,,,Talon 2,Annie 1,Camille 1,Velkoz 1,Alistar 2,Rammus 2,Viego 2,Aphelios 1,Leona 1,,
43,13.3,Electrocharge I,Spirit of the Exile,Jeweled Lotus,6,False,8,31,1919,Brawler 2,Duelist 1,Hacker 1,LaserCorps 2,,,,,,,Renekton 2,Yasuo 1,Riven 3,Senna 1,Leblanc 1,Ekko 1,Zed 2,Sejuani 1,,,
44,13.3,Makeshift Armor I,Burning Spirit,Ancient Archives I,4,True,8,34,1995,Ace 1,A.D.M.I.N. 2,Brawler 1,Spellslinger 1,Heart 2,Ox Force 1,,,,,Blitzcrank 2,Annie 2,Camille 2,LeeSin 2,Sona 1,Leblanc 2,Soraka 2,Syndra 1,,,
45,13.3,Rich Get Richer,Scoped Weapons I,Reverberation,6,False,7,30,1762,A.D.M.I.N. 1,Brawler 3,Heart 1,,,,,,,,Blitzcrank 2,Vi 2,LeeSin 1,Riven 2,Jax 3,Sejuani 2,Soraka 2,,,,
46,13.3,Rock Solid,Battlemage II,Urf's Grab Bag II,6,False,6,28,1740,Civilian 1,Heart 1,Mascot 2,Supers 1,,,,,,,Galio 3,Gangplank 3,LeeSin 2,Malphite 2,Yuumi 2,Alistar 2,,,,,
47,13.3,Illuminating Singularity,Level Up!,Makeshift Armor II,6,False,9,28,1611,Aegis 1,Spellslinger 2,Civilian 1,Corrupted 1,Forecaster 1,Star Guardian 2,Threat 1,,,,Lux 3,Annie 2,Rell 2,Ekko 1,Taliyah 1,Janna 1,Syndra 1,Leona 1,Fiddlesticks 1,,
48,13.3,Illuminating Singularity,Ancient Archives I,Jeweled Lotus,5,False,8,33,1996,Spellslinger 2,Civilian 1,Forecaster 1,Star Guardian 2,,,,,,,Lux 3,Annie 2,Rell 1,Nilah 2,Sona 3,Kaisa 1,Ekko 1,Janna 1,,,
49,13.3,Reign of Anger,Pandora's Bench,Knife's Edge II,1,True,8,37,2225,Brawler 3,Corrupted 1,Threat 1,,,,,,,,Blitzcrank 3,Renekton 3,LeeSin 2,Riven 3,Jax 3,BelVeth 2,Sejuani 1,Fiddlesticks 1,,,
50,13.3,Ascension,Spread Shot,Component Grab Bag,4,True,8,33,1838,Ace 1,Duelist 3,Hacker 1,LaserCorps 1,,,,,,,Gangplank 2,Fiora 2,Yasuo 2,Vayne 2,Nilah 3,Leblanc 1,Zed 2,Mordekaiser 1,,,
51,13.3,A.D.M.I.N. Crest,Aim Assist,Ancient Archives I,5,False,8,30,1785,A.D.M.I.N. 3,Brawler 1,Spellslinger 1,Heart 2,,,,,,,Blitzcrank 2,Camille 2,LeeSin 2,Sona 2,Leblanc 3,Soraka 2,Nunu 1,Syndra 1,,,
52,13.3,Portable Forge,Ox Force Crown,Shiny,1,True,9,33,1977,Aegis 1,Arsenal 1,Spellslinger 1,Duelist 1,Hacker 1,Ox Force 4,Renegade 1,Threat 1,,,Talon 1,Fiora 2,Annie 2,Alistar 2,Leblanc 2,Viego 2,Zed 2,Urgot 1,Aphelios 2,Leona 1,
53,13.3,Birthday Present,Celestial Blessing II,Armored-dillo,4,True,9,34,1980,Ace 2,Mecha:PRIME 1,Threat 1,,,,,,,,Draven 2,Rammus 2,MissFortune 2,Samira 2,Sett 2,Sejuani 2,Urgot 1,Leona 2,Mordekaiser 1,,
54,13.3,Thrill of the Hunt I,Trade Sector+,Future Sight I,2,True,8,37,2177,Brawler 1,Sureshot 1,Duelist 1,LaserCorps 3,Threat 1,,,,,,Yasuo 2,Riven 3,Rammus 3,Senna 3,Zed 2,Samira 1,Sejuani 2,Mordekaiser 2,,,
55,13.3,Illuminating Singularity,Celestial Blessing I,Portable Forge,1,True,9,40,2461,Aegis 1,Spellslinger 3,Civilian 1,Forecaster 1,Heart 1,Ox Force 1,Star Guardian 2,,,,Lux 3,Annie 2,Sona 2,Alistar 1,Leblanc 2,Ekko 2,Taliyah 2,Janna 1,Syndra 1,,
56,13.3,Defender Crest,Rising Spell Force,Battlemage II,6,False,6,28,1685,Ace 1,Aegis 2,Brawler 1,Defender 1,Underground 1,,,,,,Vi 3,Ezreal 2,Riven 2,Alistar 2,Ekko 1,Samira 1,,,,,
57,13.3,Justice Punch,Electrocharge I,First Aid Kit II,3,True,9,38,2327,Spellslinger 1,Civilian 3,Corrupted 1,Forecaster 1,Hacker 1,Mascot 3,Threat 1,,,,Galio 3,Yuumi 2,Alistar 2,Zoe 1,Leblanc 1,Nunu 2,Janna 1,Urgot 1,Fiddlesticks 2,,
58,13.3,Illuminating Singularity,Ancient Archives II,Portable Forge,3,True,8,33,2050,Aegis 1,Spellslinger 2,Defender 1,Ox Force 1,Star Guardian 2,,,,,,Lux 3,Annie 2,Rell 2,Nilah 2,Alistar 2,Leblanc 3,Taliyah 1,Syndra 1,,,
59,13.3,Star Guardian Crest,Trade Sector+,Stoneweaver,6,False,8,28,1700,Spellslinger 2,Civilian 1,Forecaster 1,Star Guardian 3,,,,,,,Lux 2,Annie 2,Rell 2,Yuumi 2,Nilah 2,Ekko 2,Taliyah 1,Janna 1,,,
60,13.3,Cleansing Safeguard,Heart Crest,Portable Forge,1,True,8,35,2226,A.D.M.I.N. 2,Brawler 1,Spellslinger 1,Civilian 1,Heart 3,,,,,,Blitzcrank 3,Camille 3,LeeSin 3,Yuumi 2,Sona 2,Leblanc 3,Soraka 1,Syndra 1,,,
61,13.3,Rising Spell Force,Second Wind I,Item Grab Bag II,3,True,8,35,2081,Corrupted 1,Duelist 1,Recon 3,Star Guardian 1,Threat 1,,,,,,Ashe 1,Ezreal 3,Vayne 3,Nilah 2,Kaisa 2,Ekko 1,Sejuani 1,Fiddlesticks 1,,,
62,13.3,Heart Crest,Power Grid,Celestial Blessing III,6,False,8,30,1800,A.D.M.I.N. 1,Brawler 1,Spellslinger 1,Heart 3,Mascot 1,Threat 1,,,,,LeeSin 2,Sona 2,Leblanc 1,Sejuani 2,Soraka 1,Nunu 1,Urgot 1,Syndra 1,,,
63,13.1,Get Paid,Duelist Heart,Duelist Crest,3,True,9,40,2242,Aegis 1,Arsenal 1,Duelist 4,Ox Force 1,Star Guardian 1,Threat 1,,,,,Gangplank 3,Vayne 2,Nilah 3,Alistar 2,Ekko 2,Zed 2,Urgot 2,Aphelios 1,Syndra 2,,
64,13.1,Item Grab Bag I,Jeweled Lotus,Resonance,5,False,8,33,1962,Aegis 2,Ox Force 2,Renegade 1,Threat 1,,,,,,,Talon 1,Annie 1,Alistar 3,Ekko 2,Viego 2,Urgot 1,Urgot 1,Leona 1,,,
65,13.1,Ox Force Crown,Cosmic Barrier,Salvage Bin,4,True,8,30,1777,Aegis 1,Corrupted 1,Ox Force 3,Renegade 1,Threat 1,,,,,,Talon 2,Fiora 2,Annie 1,Alistar 2,Chogath 2,Viego 2,Leona 1,Fiddlesticks 1,,,
66,13.1,Celestial Blessing I,Portable Forge,Heartstopper,3,True,9,37,2065,Ace 1,Aegis 2,Arsenal 1,Corrupted 1,Ox Force 2,Renegade 1,Threat 1,,,,Talon 1,Alistar 2,Ekko 2,Viego 2,Viego 2,Urgot 1,Aphelios 1,Leona 2,Fiddlesticks 1,,
67,13.1,Defender Heart,Cosmic Barrier,Star Guardian Crest,8,False,8,24,1425,Spellslinger 2,Defender 1,Star Guardian 2,Threat 1,,,,,,,Lux 2,Annie 1,Rell 2,Sona 2,Chogath 1,Ekko 1,Taliyah 1,Nunu 1,,,
68,13.1,Second Wind I,Boxing Lessons,Sureshot Crest,8,False,8,26,1549,Aegis 2,Brawler 1,Civilian 1,Sureshot 1,Defender 1,Threat 1,,,,,Sivir 2,Vi 2,Riven 1,Alistar 1,Senna 1,Ekko 2,Sett 1,Urgot 1,,,
69,13.1,Adaptive Defensives,A.D.M.I.N. Crest,Ancient Archives I,7,False,8,28,1659,A.D.M.I.N. 2,Hacker 1,Ox Force 1,Renegade 2,,,,,,,Sylas 1,Talon 3,Blitzcrank 2,Camille 3,Leblanc 1,Viego 1,Zed 1,Leona 1,,,
70,13.1,Rich Get Richer,Endless Pizza,Makeshift Armor II,6,False,8,26,1537,Ace 1,Aegis 1,Civilian 1,Sureshot 1,Mecha:PRIME 1,Threat 1,,,,,WuKong 1,Sivir 2,Jax 2,Ekko 1,Samira 2,Zac 2,Urgot 1,Leona 1,,,
71,13.1,Thrill of the Hunt I,Renegade Heart,Back for Blood,6,False,8,28,1641,Arsenal 1,Corrupted 1,Ox Force 2,Renegade 1,Threat 1,,,,,,Talon 2,Annie 2,Camille 2,Viego 2,Zac 1,Sejuani 2,Aphelios 1,Fiddlesticks 1,,,
72,13.1,Pandora's Bench,Preparation II,Spread Shot,2,True,8,35,2107,Duelist 4,,,,,,,,,,Kayle 2,Gangplank 2,Fiora 2,Yasuo 2,Vayne 3,Nilah 3,Zed 2,Syndra 1,,,
73,13.1,Hustler,Battlemage III,Partners in Crime,5,False,9,31,1812,Aegis 2,Arsenal 1,Corrupted 1,Ox Force 3,Renegade 1,Threat 1,,,,,Talon 1,Fiora 2,Annie 1,Alistar 2,Ekko 1,Viego 2,Aphelios 1,Leona 1,Fiddlesticks 1,,
74,13.1,Mascot Crest,First Aid Kit II,They See Me Rolling,5,False,8,31,1839,Civilian 1,Corrupted 1,Heart 1,Mascot 3,Supers 1,Threat 1,,,,,Galio 2,Gangplank 2,LeeSin 2,Malphite 2,Yuumi 3,Alistar 1,Nunu 1,Fiddlesticks 1,,,
75,13.1,Rich Get Richer,Invigorate,Makeshift Armor I,1,True,9,40,2375,Brawler 1,Heart 3,Mascot 1,Prankster 1,Star Guardian 1,,,,,,LeeSin 2,Yuumi 2,Sona 2,Zoe 3,Ekko 2,Sejuani 2,Soraka 1,Nunu 2,Syndra 1,,
76,13.1,Three's Company,Axiom Arc II,Component Grab Bag,7,False,7,27,1666,A.D.M.I.N. 1,Brawler 1,Spellslinger 1,Defender 1,Heart 2,Threat 1,,,,,LeeSin 2,Riven 2,Sona 2,Leblanc 2,Zac 1,Sett 1,Soraka 1,,,,
77,13.1,Rocket Grab,Luden's Echo I,Sunfire Board,2,True,8,37,2210,Duelist 1,Hacker 1,Prankster 1,Recon 3,Star Guardian 1,,,,,,Ashe 2,Blitzcrank 2,Ezreal 2,Vayne 3,Nilah 2,Zoe 1,Kaisa 3,Ekko 2,,,
78,13.1,Prankster Crest,Jeweled Lotus,Axiom Arc II,2,True,9,38,2277,Ace 2,Corrupted 1,Defender 1,Mecha:PRIME 1,Hacker 1,Prankster 2,Threat 1,,,,WuKong 1,Draven 2,Riven 1,Zoe 1,Ekko 2,Samira 3,Sett 2,Mordekaiser 1,Fiddlesticks 1,,
79,13.1,Divine Ascent,Thrill of the Hunt II,Portable Forge,7,False,6,27,1588,Duelist 3,,,,,,,,,,Kayle 2,Gangplank 2,Fiora 2,Yasuo 3,Vayne 2,Nilah 2,,,,,
80,13.1,Get Excited!,Makeshift Armor I,Celestial Blessing II,8,False,6,26,1540,Anima Squad 2,Brawler 1,Prankster 1,,,,,,,,Sylas 2,Nasus 2,Jinx 2,Vayne 2,Riven 2,Zoe 1,Sejuani 1,,,,
81,13.1,Ancient Archives I,Ox Force Crest,Partners in Crime,3,True,8,30,1763,Corrupted 1,Mascot 1,Ox Force 3,Renegade 1,Threat 1,,,,,,Sylas 2,Talon 2,Fiora 2,Annie 1,Alistar 2,Viego 2,Nunu 1,Fiddlesticks 1,,,
82,13.1,Wise Spending,Armored-dillo,Duelist Crest,7,False,8,28,1695,Duelist 4,Threat 1,,,,,,,,,Kayle 2,Gangplank 2,Fiora 2,Yasuo 3,Vayne 2,Nilah 2,Rammus 2,Zed 2,,,
83,13.1,New Recruit,Salvage Bin,Mirror Image,5,False,8,28,1720,Aegis 1,Spellslinger 2,Corrupted 1,Heart 1,Star Guardian 1,Threat 1,,,,,Lux 1,Sona 2,Alistar 1,Leblanc 2,Ekko 1,Taliyah 2,Zac 1,Syndra 1,Fiddlesticks 1,,
84,13.1,Portable Forge,Get Excited!,Anima Squad Heart,1,True,9,40,2270,Aegis 3,Anima Squad 1,Corrupted 1,Hacker 1,Mascot 1,Prankster 2,Threat 1,,,,Jinx 3,Riven 2,Alistar 3,Zoe 1,Ekko 2,Zed 2,Nunu 1,Leona 2,Fiddlesticks 2,,
85,13.1,Mecha: PRIME Crest,Scoped Weapons I,Upgrade: Berserk,7,False,7,24,1385,A.D.M.I.N. 1,Brawler 2,Defender 1,Heart 1,,,,,,,Blitzcrank 2,LeeSin 2,Riven 2,Sett 1,Sejuani 1,Soraka 2,Nunu 1,,,,
86,13.1,AFK,Channeled Ferromancy,Sunfire Board,1,True,8,37,2148,Duelist 1,Recon 3,Star Guardian 1,Threat 1,,,,,,,Rell 2,Ezreal 2,Velkoz 2,Vayne 3,Nilah 2,Rammus 3,Kaisa 3,Syndra 1,,,
87,13.1,Windfall,Daredevil,Ox Force Crest,3,True,9,33,2043,Ace 2,Arsenal 1,Corrupted 1,Sureshot 1,Ox Force 2,Threat 1,,,,,Annie 2,Draven 1,MissFortune 2,Samira 2,Nunu 1,Nunu 2,Aphelios 1,Mordekaiser 1,Fiddlesticks 2,,
88,13.1,Frontline Fencing,Recombobulator,Item Grab Bag II,3,True,8,38,2231,Arsenal 1,Civilian 1,Duelist 3,Forecaster 1,Hacker 1,Ox Force 1,,,,,Kayle 1,Fiora 3,Yasuo 3,Vayne 1,Nilah 3,Zed 2,Janna 1,Aphelios 2,,,
89,13.1,Band of Thieves I,Celestial Blessing I,Infuse,3,True,8,34,2007,A.D.M.I.N. 1,Brawler 1,Corrupted 1,Heart 2,Threat 1,,,,,,LeeSin 1,Yuumi 2,Sona 2,Ekko 2,Sejuani 2,Soraka 2,Urgot 1,Fiddlesticks 1,,,
90,13.1,Luden's Echo I,Aim Assist,Hacker Crest,5,False,8,33,1967,A.D.M.I.N. 1,Spellslinger 1,Hacker 2,Heart 2,Prankster 1,Threat 1,,,,,LeeSin 2,Sona 2,Zoe 2,Leblanc 2,Ekko 2,Zac 2,Soraka 2,Urgot 2,,,
91,13.1,Laser Focus,Wise Spending,Ancient Archives I,4,True,8,34,2063,Ace 1,Duelist 2,Hacker 1,LaserCorps 2,,,,,,,Ashe 3,Yasuo 2,Nilah 2,Zoe 1,Senna 3,Zed 2,Sejuani 2,Mordekaiser 2,,,
92,13.1,Windfall,Civilian Crest,Make It Rain,6,False,9,30,1814,Ace 2,Aegis 1,Civilian 1,Mecha:PRIME 1,Threat 1,,,,,,Draven 1,MissFortune 2,Ekko 2,Samira 1,Sett 1,Urgot 2,Syndra 2,Leona 2,Mordekaiser 1,,
93,13.1,Jeweled Lotus,Ruthless Blades,Ancient Archives II,1,True,8,35,2028,Ace 2,Arsenal 1,Corrupted 1,Sureshot 2,Defender 1,Mecha:PRIME 1,Threat 1,,,,WuKong 2,Draven 2,Senna 2,Ekko 2,Samira 2,Sett 2,Aphelios 1,Fiddlesticks 1,,,
94,13.1,Edgelord,Ancient Archives I,Scoped Weapons I,2,True,8,34,2036,Spellslinger 1,Civilian 1,Corrupted 1,Forecaster 1,Ox Force 2,Renegade 1,Threat 1,,,,Sylas 3,Talon 3,Annie 2,Alistar 2,Viego 1,Janna 1,Syndra 1,Fiddlesticks 1,,,
95,13.1,Endless Pizza,Sureshot Crest,First Aid Kit II,1,True,9,40,2263,Ace 1,Aegis 1,Arsenal 1,Civilian 1,Corrupted 1,Sureshot 2,Defender 1,Mecha:PRIME 1,Ox Force 1,Threat 1,WuKong 2,Sivir 2,Alistar 2,Samira 2,Sett 2,Urgot 2,Aphelios 2,Leona 1,Fiddlesticks 2,,
96,13.1,Trade Sector,Preparation II,Exaggerated Reporting,5,False,8,31,1888,Civilian 1,Corrupted 1,Duelist 3,Forecaster 1,Threat 1,,,,,,Gangplank 2,Fiora 2,Yasuo 3,Vayne 2,Nilah 2,Zed 2,Janna 1,Fiddlesticks 1,,,
97,13.1,Trade Sector,Ancient Archives I,Contempt for the Weak,8,False,7,28,1623,Duelist 3,Hacker 1,Ox Force 1,,,,,,,,Gangplank 2,Fiora 3,Yasuo 2,Vayne 2,Nilah 2,Zoe 1,Zed 2,,,,
98,13.1,Sureshot Heart,Thrill of the Hunt I,Style & Flair,5,False,8,27,1611,Ace 1,Aegis 1,Brawler 1,Spellslinger 1,Sureshot 1,Heart 1,Ox Force 1,Threat 1,Underground 1,,Annie 2,Vi 2,Sona 2,Alistar 2,Samira 1,Zac 2,Sejuani 2,Syndra 1,,,
99,13.1,Delivery Tips,Level Up!,Threat Level: Maximum,7,False,9,28,1700,Ace 1,Aegis 1,Corrupted 1,Threat 1,,,,,,,Chogath 2,Rammus 2,MissFortune 2,BelVeth 2,Ekko 1,Zac 2,Urgot 1,Leona 2,Fiddlesticks 1,,
100,13.1,Second Wind II,Spread Shot,Thrill of the Hunt I,2,True,7,35,2134,Corrupted 1,Duelist 3,Threat 1,,,,,,,,Gangplank 2,Fiora 2,Yasuo 2,Vayne 3,Nilah 2,Zed 2,Fiddlesticks 1,,,,
101,13.1,A.D.M.I.N. Heart,Ascension,Heartstopper,1,True,9,40,2346,A.D.M.I.N. 2,Aegis 1,Arsenal 1,Corrupted 1,Ox Force 1,Renegade 1,Threat 1,,,,WuKong 1,Camille 2,Leblanc 2,Ekko 2,Viego 2,Soraka 2,Aphelios 2,Leona 2,Fiddlesticks 2,,
102,13.1,Second Wind II,Hextech Retribution,Item Grab Bag I,5,False,7,31,1820,A.D.M.I.N. 2,Spellslinger 1,Corrupted 1,Heart 1,Threat 1,,,,,,Blitzcrank 2,Camille 2,Sona 3,Leblanc 2,Soraka 1,Fiddlesticks 1,Fiddlesticks 1,,,,
103,13.1,Re-Energize,Luden's Echo I,Defender Crest,3,True,8,34,2019,Spellslinger 2,Defender 1,Heart 1,Star Guardian 2,,,,,,,Lux 2,WuKong 2,Annie 2,Rell 2,Sona 2,Ekko 1,Taliyah 2,Syndra 1,,,
104,13.1,Celestial Blessing II,Contempt for the Weak,Knife's Edge II,7,False,8,31,1857,Duelist 4,LaserCorps 1,,,,,,,,,Kayle 2,Gangplank 2,Fiora 2,Yasuo 2,Vayne 1,Nilah 2,Zed 1,Sejuani 1,,,
105,13.1,AFK,Endless Pizza,Defender Crest,3,True,9,35,2116,Ace 1,Aegis 1,Civilian 1,Sureshot 1,Defender 1,Threat 1,,,,,Sivir 2,Riven 2,Ekko 2,Samira 2,Sett 2,Nunu 1,Nunu 1,Urgot 1,Leona 2,,
106,13.1,Rich Get Richer,Civilian Crest,Armored-dillo,8,False,8,27,1667,Ace 2,Aegis 1,Civilian 1,Mecha:PRIME 1,Ox Force 1,Threat 1,,,,,Draven 2,Alistar 2,Rammus 2,MissFortune 1,Samira 2,Sett 1,Leona 1,Mordekaiser 1,,,
107,13.1,LaserCorps Heart,Battlemage II,Corps Formation,7,False,7,26,1562,Ace 1,Aegis 1,Duelist 1,Prankster 1,LaserCorps 2,,,,,,Renekton 2,Yasuo 2,Alistar 2,Senna 2,Ekko 2,Zed 1,Mordekaiser 1,,,,
108,13.1,Hustler,Trade Sector+,Jubilant Veil,3,True,7,33,1910,Corrupted 1,Duelist 1,Prankster 1,Recon 1,Star Guardian 1,Threat 1,,,,,Velkoz 3,Vayne 2,Nilah 3,Chogath 3,Kaisa 3,Ekko 2,Fiddlesticks 1,,,,
109,13.1,Second Wind II,Spread Shot,Duelist Heart,2,True,8,40,2324,Corrupted 1,Duelist 4,LaserCorps 1,Threat 1,,,,,,,Kayle 2,Gangplank 2,Fiora 2,Yasuo 2,Vayne 3,Nilah 3,Zed 2,Fiddlesticks 1,,,
110,13.1,Siphoning Winds,Portable Forge,Ancient Archives I,7,False,6,27,1564,Civilian 1,Duelist 3,,,,,,,,,Gangplank 2,Fiora 2,Yasuo 2,Vayne 2,Nilah 2,Zed 2,,,,,
111,13.1,Band of Thieves I,Rising Spell Force,Sunfire Board,2,True,8,38,2212,Recon 3,Threat 1,,,,,,,,,Ashe 1,Ezreal 3,Velkoz 2,Vayne 2,Chogath 3,Rammus 2,Kaisa 3,Syndra 1,,,
112,13.1,Adaptive Defensives,Featherweights I,Urf's Grab Bag II,1,True,8,38,2322,A.D.M.I.N. 3,Spellslinger 1,Heart 1,Ox Force 1,Renegade 1,Threat 1,,,,,Talon 3,Annie 2,Camille 3,Leblanc 2,Viego 2,Soraka 2,Urgot 1,Syndra 1,,,
113,13.1,Pandora's Bench,Trade Sector+,Band of Thieves II,8,False,7,23,1360,Aegis 1,Spellslinger 1,Civilian 1,Forecaster 1,Star Guardian 1,Threat 1,,,,,Velkoz 2,Nilah 2,Alistar 2,Chogath 2,Ekko 1,Taliyah 1,Janna 1,,,,
114,13.1,Consistency,Rising Spell Force,Underground Heart,8,False,7,26,1555,Aegis 2,Brawler 1,Defender 1,Threat 1,Underground 1,,,,,,Vi 3,Ezreal 3,Alistar 1,Ekko 1,Zac 1,Sett 1,Sejuani 1,,,,
115,13.1,Mecha: PRIME Crest,First Aid Kit II,Impact Velocity,7,False,8,26,1548,Aegis 1,Corrupted 1,Mecha:PRIME 1,Threat 1,,,,,,,Lulu 1,WuKong 2,Jax 2,Ekko 1,AurelionSol 2,Zac 2,Leona 1,Fiddlesticks 1,,,
116,13.1,Second Wind I,Thrill of the Hunt II,Style & Flair,2,True,9,40,2287,Ace 1,Corrupted 1,Sureshot 1,Threat 1,,,,,,,Chogath 2,Rammus 2,Senna 2,Samira 2,Nunu 2,Urgot 2,Syndra 1,Leona 2,Fiddlesticks 2,,
117,12.23,Cyclone,Rich Get Richer+,Ascension,4,True,9,33,2040,Brawler 1,Defender 1,Mecha:PRIME 1,Hacker 1,Prankster 1,Threat 1,,,,,WuKong 3,Jax 2,Zoe 2,Leblanc 1,Ekko 1,Sett 1,Sejuani 2,Nunu 1,Urgot 1,,
118,12.23,Rock Solid,Mascot Crown,Cybernetic Shell I,8,False,6,27,1605,Civilian 1,Heart 1,Mascot 3,Supers 1,,,,,,,Galio 2,Gangplank 2,LeeSin 3,Malphite 2,Yuumi 2,Alistar 2,,,,,
119,12.23,Raider's Spoils,Spellslinger Heart,Axiom Arc II,6,False,8,28,1694,Aegis 1,Spellslinger 3,Heart 1,Ox Force 1,Star Guardian 1,,,,,,Lux 2,Annie 2,Sona 2,Alistar 2,Leblanc 2,Ekko 2,Taliyah 2,Syndra 1,,,
120,12.23,Civilian Crest,Mirror Image,Makeshift Armor II,8,False,7,26,1601,Ace 1,Spellslinger 1,Civilian 1,Corrupted 1,Mascot 1,Ox Force 1,Threat 1,,,,Annie 2,Alistar 2,Chogath 2,Leblanc 2,MissFortune 2,Nunu 1,Fiddlesticks 1,,,,
121,12.23,League of Draven,Think Fast,Celestial Blessing I,4,True,9,34,1983,Aegis 2,Brawler 1,Mecha:PRIME 1,,,,,,,,Vi 2,Draven 3,Jax 3,MissFortune 2,Ekko 2,Sejuani 2,Leona 1,Mordekaiser 1,,,
122,12.23,Thrill of the Hunt II,Mirror Image,Star Guardian Heart,7,False,8,28,1737,Spellslinger 3,Civilian 1,Corrupted 1,Forecaster 1,Heart 1,Ox Force 1,Star Guardian 1,Threat 1,,,Lux 1,Annie 2,Sona 2,Alistar 1,Leblanc 2,Taliyah 1,Janna 1,Fiddlesticks 1,,,
123,12.23,Three's Company,Star-Crossed,Band of Thieves I,3,True,9,35,2037,Ace 1,Aegis 1,Duelist 1,Recon 3,Star Guardian 1,,,,,,Ashe 2,Ezreal 2,Vayne 2,Nilah 2,Alistar 1,Kaisa 3,Ekko 2,Syndra 1,Mordekaiser 1,,
124,12.23,Raider's Spoils,Ancient Archives II,Battlemage I,2,True,9,38,2404,Aegis 1,Arsenal 1,Duelist 1,Mascot 1,Ox Force 4,Renegade 1,,,,,Talon 2,Fiora 2,Annie 2,Alistar 2,Viego 2,Nunu 2,Aphelios 2,Syndra 2,Leona 2,,
125,12.23,LaserCorps Heart,Into The Night,Jeweled Lotus,2,True,9,38,2195,Corrupted 1,Duelist 3,Hacker 1,Prankster 1,LaserCorps 1,Star Guardian 1,Threat 1,,,,Fiora 2,Yasuo 2,Vayne 3,Nilah 2,Zoe 1,Ekko 1,Zed 2,Syndra 1,Fiddlesticks 1,,
126,12.23,Sureshot Heart,Absolution,Sureshot Crest,5,False,7,33,1939,Arsenal 1,Brawler 1,Sureshot 2,Threat 1,,,,,,,Velkoz 3,Riven 2,Chogath 2,Senna 3,Zac 1,Sejuani 1,Aphelios 1,,,,
127,12.23,Sunfire Board,Into The Night,Makeshift Armor II,1,True,8,40,2302,Corrupted 1,Duelist 3,Ox Force 1,Threat 1,,,,,,,Gangplank 3,Fiora 3,Yasuo 3,Vayne 3,Nilah 2,Alistar 2,Zed 2,Fiddlesticks 1,,,
128,12.23,Raider's Spoils,Underground Heart,Star Guardian Crest,4,True,8,30,1751,Aegis 1,Spellslinger 2,Civilian 1,Forecaster 1,Mascot 1,Ox Force 1,Star Guardian 2,,,,Lux 2,Annie 1,Alistar 2,Ekko 2,Taliyah 2,Nunu 1,Janna 1,Syndra 1,,,
129,12.23,Celestial Blessing III,High End Shopping,Evasion,7,False,7,26,1584,A.D.M.I.N. 1,Brawler 3,Heart 1,,,,,,,,Blitzcrank 2,Vi 2,LeeSin 2,Riven 2,Jax 2,Sejuani 1,Soraka 1,,,,
130,12.23,Item Grab Bag I,Ox Force Crest,Heartstopper,7,False,7,24,1443,Arsenal 1,Corrupted 1,Ox Force 3,Renegade 1,Threat 1,,,,,,Talon 2,Fiora 2,Camille 1,Alistar 2,Viego 2,Aphelios 1,Fiddlesticks 1,,,,
131,12.23,Living Forge,Lucky Gloves,Perfected Solar Flare,7,False,7,24,1383,Threat 1,,,,,,,,,,Velkoz 2,Chogath 2,Rammus 2,BelVeth 1,AurelionSol 2,Sejuani 2,Leona 1,,,,
132,12.23,Cybernetic Shell I,Triumphant Return,Axiom Arc II,7,False,7,28,1734,Ace 1,Aegis 2,Anima Squad 2,Mascot 1,Prankster 1,,,,,,Nasus 2,Jinx 2,Riven 2,Alistar 2,MissFortune 1,Ekko 1,Leona 1,,,,
133,12.23,Golden Ticket,Trade Sector+,Into The Night,1,True,8,40,2443,Duelist 2,Recon 1,Star Guardian 1,Threat 1,,,,,,,Velkoz 3,Vayne 3,Nilah 3,Rammus 3,Kaisa 2,Ekko 2,Zed 2,Syndra 2,,,
134,12.23,Celestial Blessing I,Ox Force Heart,Mirror Image,5,False,8,30,1897,A.D.M.I.N. 1,Aegis 2,Hacker 1,Ox Force 2,Prankster 1,Renegade 1,,,,,Fiora 1,Camille 3,Alistar 2,Zoe 1,Leblanc 2,Ekko 1,Viego 2,Leona 1,,,
135,12.23,Level Up!,Celestial Blessing III,Corps Formation,1,True,9,38,2201,Aegis 1,Arsenal 1,Corrupted 1,Sureshot 1,Ox Force 1,Threat 1,,,,,Alistar 2,Senna 2,Urgot 1,Urgot 2,Aphelios 2,Leona 2,Fiddlesticks 2,Fiddlesticks 2,Fiddlesticks 1,,
136,12.23,Divine Ascent,Tiny Titans,Celestial Blessing II,8,False,7,27,1626,Duelist 3,,,,,,,,,,Kayle 3,Gangplank 2,Fiora 2,Yasuo 2,Nilah 2,Sejuani 1,Syndra 1,,,,
137,12.23,Soul Eater,New Recruit,First Aid Kit I,6,False,7,30,1824,Civilian 1,Heart 1,Mascot 3,Supers 1,,,,,,,Galio 3,Nasus 2,Gangplank 2,LeeSin 3,Malphite 2,Yuumi 3,Alistar 1,Nunu 1,,,
138,12.23,Thrill of the Hunt I,Battlemage I,Evasion,6,False,7,28,1712,A.D.M.I.N. 1,Brawler 3,Heart 1,,,,,,,,Blitzcrank 2,Renekton 2,LeeSin 2,Riven 2,Jax 3,Sejuani 1,Soraka 2,,,,
139,12.23,LaserCorps Heart,Siphoning Winds,Salvage Bin,5,False,7,30,1765,Duelist 3,LaserCorps 1,,,,,,,,,Kayle 2,Fiora 3,Yasuo 3,Vayne 2,Nilah 2,Zed 1,Sejuani 1,,,,
140,12.23,Celestial Blessing III,Battlemage II,Impact Velocity,3,True,8,31,1896,Aegis 1,Heart 1,Mascot 1,Ox Force 1,Star Guardian 1,Threat 1,,,,,Yuumi 2,Alistar 2,Ekko 1,Viego 2,AurelionSol 2,AurelionSol 1,Zac 1,Syndra 1,,,
141,12.23,Makeshift Armor I,Ascension,Partners in Crime,3,True,8,34,2003,Aegis 1,Mascot 1,Ox Force 3,Renegade 1,,,,,,,Talon 3,Fiora 2,Annie 2,Alistar 2,Viego 2,Nunu 1,Syndra 1,Leona 1,,,
142,12.23,Thrill of the Hunt I,Blue Battery 1,Resonance,5,False,8,30,1793,Aegis 1,Spellslinger 1,Civilian 1,Forecaster 1,Heart 2,Mascot 1,Star Guardian 1,,,,Yuumi 1,Sona 2,Alistar 2,Ekko 2,Sejuani 2,Soraka 1,Janna 1,Syndra 1,,,
143,12.23,Spellslinger Crest,Celestial Blessing I,Ancient Archives I,2,True,9,37,2256,Aegis 1,Spellslinger 3,Heart 1,Mascot 1,Ox Force 1,Star Guardian 1,Threat 1,,,,Lux 2,Annie 2,Velkoz 2,Sona 2,Alistar 2,Chogath 2,Leblanc 2,Ekko 1,Taliyah 2,Syndra 1,
144,12.23,March of Progress,Ancient Archives II,Mirror Image,7,False,7,23,1339,Aegis 1,Spellslinger 2,Ox Force 1,Star Guardian 2,,,,,,,Annie 1,Rell 2,Nilah 2,Sona 2,Leblanc 3,Ekko 1,Taliyah 2,,,,
145,12.23,Makeshift Armor I,Trade Sector+,Duelist Crown,3,True,8,34,2023,Duelist 4,Recon 1,Threat 1,,,,,,,,Gangplank 2,Fiora 2,Yasuo 2,Velkoz 2,Vayne 2,Nilah 3,Kaisa 3,Zed 2,,,
146,12.23,Battlemage I,Band of Thieves I,Contempt for the Weak,1,True,8,37,2252,Duelist 4,Ox Force 1,,,,,,,,,Kayle 2,Gangplank 2,Fiora 2,Yasuo 2,Vayne 2,Nilah 3,Zed 2,Syndra 1,,,
147,12.23,Raider's Spoils,Ancient Archives I,Ace Crest,5,False,8,28,1742,Ace 2,Threat 1,,,,,,,,,Ezreal 1,MissFortune 1,Ekko 1,Zac 2,Sejuani 2,Nunu 1,Syndra 1,Mordekaiser 1,,,
148,12.23,Blue Battery 1,Mirror Image,New Recruit,5,False,8,31,1817,A.D.M.I.N. 1,Aegis 1,Brawler 1,Spellslinger 1,Heart 2,Threat 1,,,,,LeeSin 2,Yuumi 2,Sona 1,Leblanc 2,Ekko 1,Zac 2,Sejuani 1,Soraka 2,Leona 1,,
149,12.23,Re-Energize,Golden Ticket,Makeshift Armor I,1,True,9,37,2192,Spellslinger 2,Civilian 1,Defender 1,Forecaster 1,Heart 1,Star Guardian 2,,,,,Lux 2,WuKong 2,Rell 2,Nilah 2,Sona 1,Ekko 2,Taliyah 3,Janna 2,Syndra 1,,
150,12.23,Illuminating Singularity,Jeweled Lotus,Radiant Relics,2,True,9,37,2114,Aegis 1,Spellslinger 3,Civilian 1,Forecaster 1,Ox Force 1,Star Guardian 2,,,,,Lux 3,Annie 2,Rell 2,Alistar 2,Leblanc 2,Ekko 2,Taliyah 2,Janna 1,Syndra 1,,
151,12.23,New Recruit,Star-Crossed,Radiant Relics,7,False,7,26,1422,Aegis 1,Duelist 1,Recon 1,Star Guardian 1,Threat 1,,,,,,Vayne 2,Nilah 2,Alistar 2,Kaisa 2,Kaisa 2,Ekko 1,Zac 1,Urgot 1,,,
152,12.23,Featherweights I,Trade Sector+,Elastic Slingshot,3,True,7,34,2072,Duelist 3,Ox Force 1,Threat 1,,,,,,,,Gangplank 2,Fiora 3,Yasuo 3,Vayne 3,Nilah 2,Zed 2,Zac 2,,,,
153,12.23,Item Grab Bag I,Duelist Heart,Contempt for the Weak,3,True,8,34,1982,Duelist 3,Hacker 1,Threat 1,,,,,,,,Kayle 2,Yasuo 2,Vayne 2,Nilah 2,Zoe 2,Zed 2,Zed 2,Urgot 1,,,
154,12.23,Raider's Spoils,Ascension,Sunfire Board,6,False,8,30,1771,Ace 1,Aegis 1,Arsenal 1,Brawler 1,Civilian 1,Sureshot 1,Forecaster 1,Ox Force 1,,,Riven 1,Alistar 2,Ekko 2,Samira 2,Sejuani 1,Sejuani 1,Janna 2,Aphelios 1,,,
155,12.23,Consistency,Threat Level: Maximum,Rising Tide,3,True,8,37,2191,Corrupted 1,Threat 1,,,,,,,,,Velkoz 2,Chogath 3,Rammus 3,BelVeth 2,Zac 2,Urgot 1,Syndra 2,Fiddlesticks 1,,,
156,12.23,Celestial Blessing I,First Aid Kit I,Style & Flair,4,True,9,35,2113,Arsenal 1,Civilian 1,Corrupted 1,Sureshot 1,Forecaster 1,Threat 1,,,,,Samira 2,Sett 1,Sejuani 2,Nunu 1,Janna 2,Urgot 1,Aphelios 2,Syndra 2,Mordekaiser 1,Fiddlesticks 1,
157,12.23,Celestial Blessing I,Pandora's Bench,Partners in Crime,6,False,8,33,1982,Aegis 1,Arsenal 1,Ox Force 2,Renegade 1,Threat 1,,,,,,Talon 2,Camille 1,Alistar 2,Ekko 2,Viego 2,Sejuani 2,Urgot 1,Aphelios 1,,,
158,12.23,Preparation I,Invigorate,Celestial Blessing II,8,False,7,26,1582,A.D.M.I.N. 1,Aegis 1,Hacker 1,Heart 2,Prankster 1,,,,,,LeeSin 2,Alistar 2,Zoe 2,Leblanc 1,Ekko 1,Soraka 2,Syndra 1,,,,
159,12.23,Ancient Archives I,Jeweled Lotus,Into The Night,2,True,9,37,2139,Duelist 3,Hacker 1,Ox Force 1,Prankster 1,Recon 2,Star Guardian 1,,,,,Gangplank 1,Fiora 2,Yasuo 2,Vayne 3,Nilah 2,Zoe 1,Kaisa 2,Ekko 2,Zed 2,,
160,12.23,Celestial Blessing I,Double Trouble II,Star-Crossed,7,False,8,27,1667,Ace 1,Duelist 1,Recon 1,Threat 1,,,,,,,Vayne 1,Nilah 2,Alistar 2,Kaisa 2,Kaisa 2,Sett 1,Urgot 1,Mordekaiser 2,,,
161,12.23,Heart Heart,Phony Frontline,Shatter,4,True,8,31,1756,A.D.M.I.N. 1,Aegis 1,Spellslinger 1,Heart 2,Mascot 1,,,,,,Sona 2,Alistar 1,Leblanc 2,Ekko 2,Sejuani 2,Soraka 2,Nunu 1,Syndra 1,,,
162,12.23,Edgelord,Celestial Blessing I,Ancient Archives I,1,True,8,35,2223,Aegis 2,Mascot 1,Ox Force 3,Renegade 1,,,,,,,Talon 3,Fiora 2,Annie 1,Alistar 2,Ekko 2,Viego 2,Nunu 1,Leona 1,,,
163,12.23,Salvage Bin,Blue Battery 1,Mirror Image,2,True,9,38,2220,Aegis 2,Spellslinger 2,Civilian 1,Forecaster 1,Heart 1,Mascot 1,Star Guardian 1,,,,Sona 2,Alistar 2,Leblanc 2,Ekko 2,Taliyah 2,Nunu 1,Janna 1,Syndra 1,Leona 2,,
164,12.23,Celestial Blessing III,First Aid Kit II,Contempt for the Weak,6,False,7,30,1706,Duelist 3,Hacker 1,,,,,,,,,Kayle 2,Fiora 2,Yasuo 3,Vayne 2,Nilah 2,Leblanc 1,Zed 2,,,,
165,12.23,Blue Battery 1,Ancient Archives I,Into The Night,1,True,8,37,2246,Aegis 1,Duelist 3,Hacker 1,Ox Force 1,Prankster 1,Star Guardian 1,,,,,Fiora 2,Vayne 3,Nilah 3,Alistar 2,Zoe 2,Ekko 1,Zed 2,Syndra 1,,,
166,12.23,Aegis Crest,Elastic Slingshot,Scoped Weapons I,1,True,9,37,2192,Aegis 3,Threat 1,,,,,,,,,Vi 2,Velkoz 2,BelVeth 2,BelVeth 2,Ekko 2,Zac 2,Urgot 2,Syndra 1,Leona 2,,
167,12.23,Rising Spell Force,Preparation I,Axiom Arc II,8,False,6,21,1292,Aegis 2,Duelist 1,Underground 1,,,,,,,,Kayle 3,Vi 2,Ezreal 2,Yasuo 1,Alistar 2,Ekko 1,,,,,
168,12.23,Living Forge,Radiant Relics,Partners in Crime,4,True,9,33,2050,Corrupted 1,Ox Force 1,Renegade 2,Threat 1,,,,,,,Sylas 1,Talon 1,Camille 2,Ekko 2,Viego 2,Sejuani 2,Urgot 1,Syndra 1,Fiddlesticks 1,,
169,12.23,Recon Crown,Sunfire Board,Star-Crossed,5,False,7,27,1620,Defender 1,Duelist 1,Recon 3,Star Guardian 1,,,,,,,Rell 2,Ezreal 2,Vayne 2,Nilah 2,Riven 2,Kaisa 3,Ekko 1,,,,
170,12.23,Get Paid,Battlemage II,Ox Force Crown,4,True,9,34,2113,Aegis 1,Arsenal 1,Duelist 2,Ox Force 2,,,,,,,Gangplank 2,Fiora 2,Nilah 2,Alistar 1,Viego 2,Zed 2,Zed 2,Aphelios 1,Leona 1,,
171,12.23,Ancient Archives I,Endless Pizza,Spellslinger Heart,5,False,8,31,1851,Aegis 1,Spellslinger 3,Civilian 2,Ox Force 1,Star Guardian 1,,,,,,Lux 1,Sivir 2,Annie 2,Sona 2,Alistar 1,Leblanc 1,Ekko 2,Taliyah 2,,,
172,12.23,Thrill of the Hunt I,Cleansing Safeguard,Think Fast,8,False,6,24,1438,Civilian 1,Heart 1,Mascot 2,Supers 1,,,,,,,Galio 3,Gangplank 2,LeeSin 2,Malphite 2,Yuumi 1,Nunu 1,,,,,
173,12.23,Makeshift Armor I,Brawler Heart,Infuse,3,True,8,33,2044,A.D.M.I.N. 1,Aegis 1,Brawler 4,Heart 1,,,,,,,Blitzcrank 2,Renekton 2,Vi 2,LeeSin 2,Riven 2,Jax 2,Sejuani 2,Soraka 2,,,
174,12.23,Item Grab Bag I,Lategame Specialist,Shatter,8,False,9,25,1489,A.D.M.I.N. 2,Brawler 1,Threat 1,,,,,,,,Blitzcrank 2,Camille 1,Velkoz 1,Leblanc 1,Ekko 1,Ekko 1,Sejuani 1,Soraka 1,,,
175,12.23,Trade Sector,Knife's Edge I,Makeshift Armor II,3,True,8,35,2082,Corrupted 1,Duelist 3,Hacker 1,Threat 1,,,,,,,Gangplank 2,Fiora 2,Yasuo 3,Vayne 2,Nilah 2,Zoe 1,Zed 2,Fiddlesticks 1,,,
176,12.23,Item Grab Bag I,Threat Level: Maximum,Frostburn,5,False,8,28,1718,Heart 1,Threat 1,,,,,,,,,Velkoz 1,Velkoz 2,Chogath 2,Rammus 2,BelVeth 2,Zac 2,Urgot 1,Syndra 1,,,
177,12.23,Brawler Heart,Pandora's Bench,Relentless Assault,5,False,8,31,1878,A.D.M.I.N. 1,Aegis 1,Brawler 3,Threat 1,,,,,,,Blitzcrank 1,Vi 2,Velkoz 1,Riven 2,Jax 3,Sejuani 2,Soraka 2,Leona 1,,,
178,12.23,Spellslinger Crest,Invigorate,High End Shopping,2,True,8,37,2217,Aegis 1,Spellslinger 3,Civilian 1,Forecaster 1,Heart 2,Ox Force 1,Star Guardian 1,,,,Lux 3,Annie 2,LeeSin 2,Sona 2,Alistar 2,Taliyah 2,Janna 2,Syndra 2,,,
179,12.23,Brawler Heart,Boxing Lessons,Blue Battery 1,1,True,9,38,2337,A.D.M.I.N. 1,Aegis 2,Brawler 1,Spellslinger 2,Civilian 1,Forecaster 1,Heart 1,Ox Force 1,Star Guardian 1,,Annie 2,Vi 2,Alistar 2,Leblanc 2,Ekko 2,Taliyah 2,Soraka 2,Janna 1,Syndra 1,,
180,12.23,Zoomies!,Pandora's Bench,Makeshift Armor II,3,True,7,37,2229,Civilian 1,Heart 1,Mascot 2,Supers 1,,,,,,,Galio 3,Nasus 3,Gangplank 2,LeeSin 3,Malphite 3,Yuumi 3,Nunu 2,,,,
181,12.23,Second Wind I,Burning Spirit,Ace Crest,5,False,8,33,1998,Ace 2,Aegis 1,Corrupted 1,Ox Force 1,Threat 1,,,,,,Annie 2,Alistar 2,MissFortune 2,Ekko 2,Samira 2,Syndra 1,Mordekaiser 2,Fiddlesticks 1,,,
182,12.23,Underground Heart,Axiom Arc II,Triumphant Return,6,False,8,30,1795,Ace 1,Spellslinger 1,Civilian 1,Defender 1,Forecaster 1,Star Guardian 2,,,,,Lux 1,Rell 1,Nilah 2,Riven 2,Ekko 1,Taliyah 2,Sett 2,Janna 1,Mordekaiser 1,,
183,12.23,Rising Spell Force,Recon Heart,Blue Battery 1,2,True,8,40,2349,Aegis 2,Brawler 1,Recon 3,Threat 1,,,,,,,Vi 2,Ezreal 3,Velkoz 2,Vayne 2,Alistar 2,Kaisa 3,Ekko 2,Sejuani 2,,,
184,12.23,Mascot Heart,Makeshift Armor II,Triumphant Return,5,False,8,26,1618,Ace 1,Aegis 1,Arsenal 1,Brawler 1,Defender 1,Mascot 1,Ox Force 1,Threat 1,,,Riven 1,Alistar 2,Ekko 1,Zac 2,Sett 2,Sejuani 2,Aphelios 1,Mordekaiser 1,,,
185,12.23,Axiom Arc II,Underground Heart,Resonance,8,False,8,23,1343,Ace 1,Aegis 1,Spellslinger 1,Corrupted 1,Threat 1,,,,,,Annie 1,Velkoz 1,Sona 2,MissFortune 1,Ekko 1,Zac 1,Sejuani 1,Leona 1,Fiddlesticks 1,,
186,12.23,Electrocharge I,Celestial Blessing I,Into The Night,3,True,8,35,2045,Duelist 3,LaserCorps 1,Threat 1,,,,,,,,Kayle 2,Fiora 2,Yasuo 2,Vayne 2,Nilah 2,Zed 2,Sejuani 2,Urgot 1,,,
187,12.23,Get Paid,Preparation II,Think Fast,2,True,8,40,2382,Duelist 3,Hacker 1,LaserCorps 1,,,,,,,,Gangplank 2,Fiora 3,Yasuo 3,Vayne 3,Nilah 3,Leblanc 1,Zed 3,Sejuani 2,,,
188,12.23,Level Up!,Windfall+,Cursed Crown,3,True,9,34,2125,Ace 1,Aegis 1,Arsenal 1,Civilian 1,Corrupted 1,Forecaster 1,Ox Force 1,Renegade 1,Threat 1,,Camille 2,Ekko 2,Viego 2,Sejuani 1,Nunu 2,Janna 2,Aphelios 2,Syndra 2,Leona 2,Mordekaiser 2,Fiddlesticks 1
189,12.23,Golden Ticket,Ace Crown,Perfected Solar Flare,7,False,7,26,1519,Ace 2,Supers 1,,,,,,,,,Gangplank 3,Draven 3,LeeSin 2,Malphite 3,MissFortune 1,Samira 1,Leona 2,,,,
190,12.23,Civilian Crown,Ancient Archives I,Into The Night,5,False,8,28,1704,Civilian 1,Duelist 4,Threat 1,,,,,,,,Kayle 1,Gangplank 2,Fiora 2,Yasuo 2,Vayne 2,Nilah 2,BelVeth 2,Zed 1,,,
191,12.23,Boxing Lessons,Celestial Blessing I,Axiom Arc II,4,True,8,34,2106,Aegis 1,Arsenal 1,Brawler 1,Spellslinger 1,Ox Force 1,Star Guardian 2,,,,,Lux 2,Vi 2,Rell 2,Ekko 2,Taliyah 2,Sejuani 2,Aphelios 1,Syndra 1,,,
192,12.23,Boxing Lessons,Rich Get Richer+,High Roller,1,True,9,34,2058,Aegis 1,Arsenal 1,Brawler 1,Ox Force 1,Renegade 1,Threat 1,,,,,Talon 2,Vi 2,Viego 3,Zac 2,Sejuani 2,Urgot 1,Aphelios 2,Syndra 2,Leona 2,,
193,12.23,Makeshift Armor I,Rising Spell Force,Phony Frontline,4,True,8,34,2060,Aegis 2,Brawler 1,Prankster 1,Recon 2,Threat 1,,,,,,Vi 2,Ezreal 3,Vayne 1,Kaisa 2,Ekko 1,Zac 1,Sejuani 2,Leona 1,,,
194,12.23,Electrocharge I,A.D.M.I.N. Crest,Infuse,5,False,9,34,1958,Ace 1,A.D.M.I.N. 1,Aegis 1,Arsenal 1,Civilian 1,Corrupted 1,Forecaster 1,Heart 1,Threat 1,,Ekko 1,Sett 2,Soraka 1,Janna 2,Aphelios 2,Syndra 1,Leona 2,Mordekaiser 2,Fiddlesticks 1,,
195,12.23,Burning Spirit,Component Grab Bag,Ace Crest,8,False,8,23,1378,Ace 2,Aegis 2,Ox Force 1,Threat 1,,,,,,,Annie 2,Alistar 1,MissFortune 1,Ekko 1,Samira 1,AurelionSol 1,Leona 1,Mordekaiser 1,,,
196,12.23,Celestial Blessing II,Absolution,Sureshot Crown,5,False,7,31,1838,Ace 1,Civilian 1,Sureshot 2,,,,,,,,Sivir 2,Senna 3,Ekko 1,Samira 1,Sett 2,Sejuani 1,Syndra 1,,,,
197,12.23,Growth Spurt,Urf's Grab Bag II,Makeshift Armor I,7,False,8,30,1830,A.D.M.I.N. 1,Aegis 1,Civilian 1,Corrupted 1,Forecaster 1,Heart 1,Threat 1,,,,Lulu 3,Alistar 2,Ekko 1,Soraka 1,Janna 2,Urgot 1,Syndra 1,Fiddlesticks 2,,,
198,12.23,Illuminating Singularity,Star Guardian Crown,A.D.M.I.N. Heart,1,True,9,38,2252,Ace 1,A.D.M.I.N. 1,Spellslinger 1,Civilian 1,Defender 1,Forecaster 1,Heart 1,Star Guardian 3,,,Lux 3,Rell 2,Yuumi 2,Nilah 2,Leblanc 2,Ekko 2,Janna 1,Syndra 1,Mordekaiser 1,,
199,12.23,Sureshot Crest,Corps Formation,Ancient Archives I,2,True,9,38,2214,Aegis 1,Arsenal 1,Civilian 1,Sureshot 2,Duelist 1,Prankster 1,Threat 1,,,,Sivir 1,Vayne 3,Senna 2,Ekko 2,Sejuani 2,Urgot 1,Urgot 1,Aphelios 1,Leona 2,,
200,12.23,Celestial Blessing II,Make It Rain,Second Wind II,4,True,9,33,2032,Ace 1,Aegis 2,Arsenal 1,Corrupted 1,Ox Force 1,Threat 1,,,,,Alistar 2,MissFortune 2,Ekko 1,Sett 2,Urgot 1,Aphelios 2,Syndra 1,Leona 2,Fiddlesticks 1,,
201,12.23,Makeshift Armor I,Axiom Arc II,Contagious Laughter,1,True,9,35,2148,Ace 1,Aegis 1,Corrupted 1,Defender 1,Star Guardian 1,Threat 1,,,,,Rell 2,Ekko 2,Sett 2,Nunu 2,Urgot 2,Syndra 2,Leona 2,Mordekaiser 2,Fiddlesticks 1,,
202,12.23,Ancient Archives I,Hextech Retribution,Blue Battery 1,4,True,8,34,1994,Ace 1,A.D.M.I.N. 2,Duelist 1,Hacker 1,Heart 1,Prankster 1,,,,,Blitzcrank 2,Camille 2,Zoe 3,Ekko 2,Zed 2,Soraka 2,Syndra 1,Mordekaiser 1,,,
203,12.23,Level Up!,New Recruit,Contempt for the Weak,7,False,9,28,1701,Arsenal 1,Civilian 1,Corrupted 1,Forecaster 1,Threat 1,,,,,,Ekko 1,Zed 2,Zac 1,Sett 2,Nunu 1,Janna 1,Urgot 1,Aphelios 1,Syndra 2,Fiddlesticks 1,
204,12.23,Re-Energize,Item Grab Bag I,Component Grab Bag,6,False,8,30,1785,Spellslinger 1,Civilian 1,Corrupted 1,Defender 1,Forecaster 1,Star Guardian 2,Threat 1,,,,WuKong 2,Rell 2,Nilah 2,Ekko 2,Taliyah 1,Janna 1,Syndra 1,Fiddlesticks 1,,,
205,12.23,Multi-Shot,Thrill of the Hunt I,Recon Crest,5,False,7,27,1682,Aegis 1,Brawler 1,Recon 1,Threat 1,,,,,,,Vi 2,Kaisa 2,Kaisa 1,BelVeth 1,Ekko 1,Zac 2,Sejuani 1,,,,
206,12.23,Cluttered Mind,Smash!,Golden Ticket,8,False,8,23,1412,Aegis 2,Arsenal 1,Spellslinger 1,Ox Force 1,Star Guardian 2,,,,,,Lux 2,Rell 2,Nilah 2,Alistar 2,Ekko 1,Taliyah 2,Aphelios 2,Leona 1,,,
207,12.23,Zoomies!,Celestial Blessing II,Blue Battery 1,1,True,9,37,2199,Ace 1,Aegis 1,Civilian 2,Forecaster 1,Heart 1,Mascot 1,Star Guardian 1,Threat 1,,,Yuumi 1,Ekko 2,Sejuani 2,Nunu 2,Janna 2,Urgot 2,Syndra 1,Leona 2,Mordekaiser 2,,
208,12.23,True Twos,Pandora's Bench,Ancient Archives I,8,False,7,24,1488,A.D.M.I.N. 2,Brawler 1,Hacker 1,Heart 1,Prankster 1,,,,,,Blitzcrank 1,Camille 2,Riven 2,Zoe 2,Leblanc 2,Soraka 2,Syndra 1,,,,
209,12.23,Renegade Crest,Ascension,Ox Force Crest,4,True,9,33,1968,A.D.M.I.N. 1,Spellslinger 1,Duelist 1,Hacker 1,Ox Force 3,Renegade 1,,,,,Sylas 1,Talon 2,Fiora 2,Annie 2,Camille 2,Alistar 2,Leblanc 1,Viego 2,Zed 1,,
210,12.23,Three's Company,Axiom Arc II,Upgrade: Berserk,6,False,9,33,1938,A.D.M.I.N. 2,Aegis 1,Brawler 1,Threat 1,,,,,,,Blitzcrank 2,Camille 1,Leblanc 2,Ekko 2,Zac 1,Sejuani 2,Soraka 2,Urgot 1,Leona 1,,
211,12.23,Hustler,Power Grid,Salvage Bin,6,False,8,27,1658,Aegis 1,Spellslinger 1,Corrupted 1,Heart 1,Ox Force 2,Renegade 1,Threat 1,,,,Talon 2,Annie 2,Sona 2,Alistar 1,Viego 2,Syndra 2,Leona 1,Fiddlesticks 1,,,
212,12.23,Defender Heart,Portable Forge,Be the Stone,2,True,8,37,2285,Aegis 1,Spellslinger 2,Defender 1,Heart 1,Ox Force 1,Star Guardian 2,,,,,Lux 2,Annie 2,Rell 2,Sona 2,Alistar 2,Ekko 1,Taliyah 2,Syndra 1,,,
213,12.23,Aegis Crest,Spirit of the Exile,Thrill of the Hunt II,7,False,8,26,1549,Aegis 2,Spellslinger 1,Duelist 1,Star Guardian 1,Threat 1,,,,,,Annie 1,Yasuo 2,Nilah 2,Ekko 2,Taliyah 2,Zac 2,Sejuani 2,Leona 1,,,
214,12.23,Boxing Lessons,Axiom Arc II,Makeshift Armor II,1,True,9,35,2124,Aegis 2,Spellslinger 1,Civilian 1,Forecaster 1,Heart 1,Star Guardian 2,,,,,Vi 2,Rell 2,Yuumi 1,Ekko 1,Ekko 1,Taliyah 2,Janna 1,Syndra 1,Leona 2,,
215,12.23,Channeled Ferromancy,Celestial Blessing III,Makeshift Armor I,1,True,9,40,2505,Aegis 1,Spellslinger 1,Defender 1,Heart 1,Star Guardian 2,Threat 1,,,,,Lux 2,Rell 1,Ekko 1,Taliyah 2,Zac 2,Sett 2,Urgot 2,Syndra 2,Leona 2,,
216,12.23,Double Trouble II,Behemoth,High Roller,7,False,7,26,1591,Aegis 1,Duelist 1,Ox Force 1,Recon 2,Star Guardian 1,,,,,,Ashe 2,Vayne 2,Nilah 2,Alistar 2,Kaisa 2,Kaisa 2,Ekko 1,,,,
217,12.23,Golden Ticket,Smash!,High End Shopping,5,False,8,30,1747,Arsenal 1,Corrupted 1,Duelist 1,Hacker 1,Ox Force 2,Threat 1,,,,,Fiora 2,Alistar 3,Zoe 2,Viego 2,Zed 2,Zac 2,Aphelios 1,Fiddlesticks 2,,,
218,12.23,Get Paid,Second Wind I,Cybernetic Uplink II,8,False,8,27,1574,Ace 1,Arsenal 1,Civilian 1,Corrupted 1,Duelist 1,Forecaster 1,Threat 1,,,,MissFortune 2,Zed 1,Sett 2,Sejuani 1,Janna 1,Urgot 1,Aphelios 1,Fiddlesticks 1,,,
219,12.23,Trade Sector,Triumphant Return,Pandora's Bench,4,True,8,33,2028,Ace 1,Aegis 1,Brawler 1,Defender 1,Threat 1,,,,,,Riven 2,MissFortune 2,Ekko 2,Zac 2,Sett 2,Sejuani 2,Syndra 1,Leona 1,,,
220,12.23,Trade Sector,Power Grid,Pandora's Bench,2,True,8,38,2328,Aegis 1,Spellslinger 1,Heart 2,Ox Force 1,Threat 1,,,,,,Annie 2,LeeSin 2,Sona 3,Alistar 2,Ekko 2,Zac 2,Soraka 2,Syndra 2,,,
221,12.23,Rich Get Richer,Star-Crossed,Ascension,8,False,8,27,1611,Arsenal 1,Brawler 1,Defender 1,Recon 2,Star Guardian 1,,,,,,Rell 1,Ezreal 2,Vayne 1,Riven 1,Kaisa 2,Ekko 2,Sejuani 2,Aphelios 1,,,
222,12.23,Second Wind I,Axiom Arc II,Recombobulator,3,True,8,41,2444,Ace 1,Arsenal 1,Civilian 1,Corrupted 1,Forecaster 1,Threat 1,,,,,MissFortune 2,Sejuani 2,Janna 1,Urgot 2,Aphelios 1,Syndra 2,Leona 1,Fiddlesticks 2,,,
223,12.23,Second Wind II,Power Grid,Pandora's Items,1,True,8,37,2286,A.D.M.I.N. 1,Aegis 1,Spellslinger 1,Hacker 1,Heart 3,Prankster 1,,,,,Sona 3,Zoe 3,Leblanc 2,Ekko 2,Sejuani 2,Soraka 2,Syndra 1,Leona 1,,,
224,12.23,Second Wind I,Jeweled Lotus,Rising Tide,1,True,8,38,2289,Aegis 1,Civilian 1,Duelist 1,Forecaster 1,Recon 2,Star Guardian 1,Threat 1,,,,Ezreal 2,Vayne 2,Nilah 2,Kaisa 3,Ekko 2,Janna 1,Urgot 2,Leona 1,,,
225,12.23,Spirit of the Exile,Radiant Relics,Second Wind I,6,False,8,28,1656,Ace 1,Arsenal 1,Sureshot 1,Duelist 1,Hacker 1,LaserCorps 1,Threat 1,,,,Yasuo 2,Leblanc 1,Zed 2,Samira 2,Zac 2,Sejuani 1,Aphelios 1,Syndra 1,,,
226,12.23,Recon Crown,New Recruit,High Roller,6,False,7,27,1606,Ace 1,Brawler 1,Duelist 1,Recon 3,LaserCorps 1,Threat 1,,,,,Ezreal 2,Vayne 2,Riven 2,Kaisa 2,Zed 2,Zac 2,Sejuani 1,Mordekaiser 1,,,
227,12.23,Re-Energize,Preparation I,Star Guardian Crest,1,True,9,40,2407,Spellslinger 2,Civilian 1,Defender 1,Forecaster 1,Heart 1,Star Guardian 2,,,,,Lux 2,WuKong 2,Rell 2,Sona 2,Taliyah 2,Nunu 2,Janna 2,Syndra 1,Syndra 1,,
228,12.23,Rich Get Richer,Triumphant Return,Axiom Arc II,2,True,9,35,2109,Ace 1,Aegis 1,Anima Squad 1,Brawler 1,Defender 1,Mecha:PRIME 1,Prankster 1,Threat 1,,,WuKong 1,Jinx 2,Riven 2,MissFortune 2,Ekko 2,Zac 2,Sett 2,Sejuani 2,Syndra 1,Leona 2,
229,12.23,Invigorate,Trade Sector+,Mecha: PRIME Crest,5,False,8,33,1962,Ace 1,Aegis 1,Brawler 1,Mecha:PRIME 2,Mascot 1,Ox Force 1,Threat 1,,,,Draven 2,LeeSin 2,Jax 3,Alistar 2,Sett 2,Nunu 2,Urgot 1,Leona 2,,,
230,12.23,Jeweled Lotus,Aim Assist,Second Wind II,7,False,8,26,1573,A.D.M.I.N. 2,Brawler 1,Spellslinger 1,Heart 1,Threat 1,,,,,,Blitzcrank 2,Camille 2,Sona 2,Leblanc 2,Zac 2,Sett 2,Sejuani 1,Soraka 1,,,
231,12.23,Hacker Heart,Hextech Retribution,Jeweled Lotus,2,True,9,35,2139,A.D.M.I.N. 1,Arsenal 1,Spellslinger 1,Civilian 1,Corrupted 1,Duelist 1,Forecaster 1,Hacker 2,Ox Force 1,Threat 1,Fiora 2,Camille 2,Leblanc 2,Zed 2,Zac 2,Janna 1,Urgot 1,Aphelios 1,Fiddlesticks 1,,
232,12.23,Channeled Ferromancy,Luden's Echo I,Thrill of the Hunt II,3,True,9,37,2241,Aegis 2,Arsenal 1,Civilian 1,Forecaster 1,Ox Force 2,Renegade 1,Star Guardian 1,,,,Talon 2,Rell 2,Alistar 2,Ekko 1,Viego 2,Janna 2,Aphelios 1,Syndra 2,Leona 1,,
233,12.23,Endless Pizza,Luden's Echo III,Brawler Heart,5,False,8,33,1994,Ace 2,Brawler 1,Civilian 1,Corrupted 1,Sureshot 1,Threat 1,,,,,Sivir 2,Draven 1,MissFortune 2,Ekko 2,Samira 2,Sejuani 2,Mordekaiser 1,Fiddlesticks 2,,,
234,12.23,Consistency,Portable Forge,Mirror Image,2,True,8,37,2245,A.D.M.I.N. 2,Spellslinger 1,Civilian 1,Forecaster 1,Heart 1,Star Guardian 1,,,,,Blitzcrank 2,Camille 2,Nilah 2,Leblanc 2,Ekko 2,Soraka 2,Janna 2,Syndra 2,,,
235,12.23,Zoomies!,Second Wind II,Star Guardian Crest,3,True,9,34,2086,Ace 1,Corrupted 1,Heart 1,Mascot 1,Star Guardian 2,Threat 1,,,,,Yuumi 2,Nilah 2,MissFortune 2,Ekko 2,Sejuani 2,Nunu 1,Urgot 2,Syndra 1,Fiddlesticks 1,,
236,12.23,Vitality of the Ox,Pandora's Items,The Golden Egg,6,False,8,31,1903,A.D.M.I.N. 2,Brawler 1,Heart 1,,,,,,,,Blitzcrank 2,Fiora 1,Camille 2,Leblanc 2,Sejuani 2,Soraka 2,Syndra 1,Leona 2,,,
237,12.23,Raider's Spoils,Preparation I,Makeshift Armor II,7,False,8,27,1710,Ace 2,Ox Force 1,Threat 1,,,,,,,,Fiora 2,Draven 1,Ezreal 1,MissFortune 1,Ekko 2,Samira 2,Zac 1,Mordekaiser 1,,,
238,12.23,Celestial Blessing II,Aim Assist,The Golden Egg,3,True,9,33,1975,A.D.M.I.N. 2,Brawler 1,Spellslinger 1,Civilian 1,Forecaster 1,Heart 1,Renegade 1,,,,Blitzcrank 2,Camille 2,Leblanc 2,Viego 1,Sejuani 2,Soraka 2,Janna 1,Syndra 2,Leona 1,,
239,12.23,Kingslayer,High End Shopping,Thrill of the Hunt I,5,False,8,31,1899,Ace 1,Aegis 1,Anima Squad 1,Arsenal 1,Ox Force 1,Renegade 1,Threat 1,,,,Sylas 3,Riven 1,MissFortune 2,Ekko 2,Viego 1,Urgot 1,Aphelios 2,Leona 1,,,
240,12.23,Duelist Heart,Second Wind I,Contempt for the Weak,4,True,8,33,2025,Aegis 1,Duelist 3,Ox Force 1,LaserCorps 1,,,,,,,Fiora 3,Yasuo 3,Vayne 2,Alistar 2,Zed 2,Sejuani 1,Syndra 1,Leona 1,,,
241,12.23,Get Paid,Trade Sector+,Ancient Archives I,6,False,8,28,1724,A.D.M.I.N. 2,Arsenal 1,Brawler 1,Spellslinger 1,Heart 2,Threat 1,,,,,Blitzcrank 2,LeeSin 2,Sona 2,Leblanc 2,Zac 2,Sejuani 2,Soraka 2,Aphelios 1,,,
242,12.23,Defender Heart,Punch Protocol,High End Shopping,3,True,8,35,2190,Ace 1,Brawler 1,Civilian 1,Defender 1,Mecha:PRIME 1,Forecaster 1,,,,,Jax 2,Sett 1,Sejuani 2,Janna 2,Syndra 2,Leona 2,Leona 2,Mordekaiser 2,,,
243,12.23,Prankster Crest,Second Wind II,Sleepy Time,1,True,9,42,2588,Aegis 2,Corrupted 1,Hacker 2,Prankster 2,Threat 1,,,,,,Zoe 3,Leblanc 2,Ekko 2,Zed 2,Zac 2,Sejuani 2,Syndra 2,Leona 2,Fiddlesticks 1,,
244,12.23,Hustler,Second Wind II,Supersize,4,True,8,35,2104,Aegis 1,Spellslinger 1,Civilian 1,Forecaster 1,Ox Force 3,Renegade 1,Threat 1,,,,Talon 2,Fiora 2,Annie 2,Alistar 2,Viego 2,Zac 2,Janna 2,Leona 1,,,
245,12.23,Three's Company,Vitality of the Ox,Makeshift Armor I,4,True,8,33,2031,Aegis 1,Arsenal 1,Duelist 1,Heart 1,Ox Force 1,Star Guardian 2,,,,,Fiora 2,Yuumi 2,Nilah 2,Ekko 2,Taliyah 2,Aphelios 2,Syndra 1,Leona 2,,,
246,12.23,Pandora's Items,Evasion,Battlemage II,1,True,8,41,2432,Ace 2,Aegis 1,Mecha:PRIME 1,Threat 1,,,,,,,Draven 2,Jax 2,MissFortune 3,Ekko 1,Samira 2,Urgot 1,Leona 2,Mordekaiser 1,,,
247,12.23,Renegade Heart,First Aid Kit I,Smash!,2,True,9,37,2120,Ace 1,Aegis 2,Arsenal 1,Civilian 1,Forecaster 1,Ox Force 2,Renegade 1,,,,Talon 2,Camille 2,Alistar 2,Ekko 1,Viego 2,Janna 2,Aphelios 1,Leona 2,Mordekaiser 1,,
248,12.23,Thrill of the Hunt II,Partners in Crime,Ox Force Crown,1,True,9,35,2111,Aegis 1,Arsenal 1,Mascot 1,Ox Force 3,Renegade 1,Threat 1,,,,,Talon 2,Annie 2,Alistar 2,Viego 2,Nunu 1,Urgot 2,Aphelios 2,Syndra 2,Leona 1,,
249,12.23,Underground Heart,Thrill of the Hunt II,Triumphant Return,4,True,9,31,1823,Aegis 2,Brawler 1,Civilian 1,Corrupted 1,Defender 1,Forecaster 1,Threat 1,Underground 1,,,Vi 2,Riven 1,Ekko 2,Samira 1,Sett 2,Sejuani 2,Janna 1,Syndra 1,Leona 1,Mordekaiser 1,Fiddlesticks 1
